,splits,accuracies,f1 score
0,0.01,0.333333343,0.333333343
1,0.05,0.375,0.375
2,0.1,0.458333343,0.458333343
3,0.5,0.583333313,0.583333313
