,splits,accuracies,f1 score
0,0.01,0.333333343,0.333333343
1,0.05,0.416666657,0.416666657
2,0.1,0.5,0.5
3,0.5,0.625,0.625
